<application>
  <component name="ProjectManager">
    <defaultProject>
      <component name="MavenImportPreferences">
        <option name="generalSettings">
          <MavenGeneralSettings>
            <option name="localRepository" value="D:\Psoftware\maven\maven_Repository" />
            <option name="mavenHome" value="D:/Psoftware/maven/apache-maven-3.8.6" />
            <option name="userSettingsFile" value="D:\Psoftware\maven\apache-maven-3.8.6\conf\settings.xml" />
          </MavenGeneralSettings>
        </option>
      </component>
      <component name="ProjectViewState">
        <option name="showLibraryContents" value="true" />
      </component>
      <component name="PropertiesComponent"><![CDATA[{
  "keyToString": {
    "settings.editor.selected.configurable": "MavenSettings"
  }
}]]></component>
    </defaultProject>
  </component>
</application>