<application>
  <component name="Translation.Cache">
    <option name="lastTrimTime" value="1681652086368" />
  </component>
  <component name="Translation.Settings">
    <option name="primaryLanguage" value="ENGLISH" />
    <option name="translator" value="YOUDAO" />
    <option name="youdaoTranslateSettings">
      <youdao-translate>
        <option name="appId" value="495bc0018a4ee71a" />
      </youdao-translate>
    </option>
  </component>
  <component name="Translation.States">
    <histories>
      <item value="text scroll if you mouse-click near the start or end of the window" />
      <item value="text scroll if you mouse-click near the start or end of the windo" />
      <item value="text scroll if you mouse-click near the start or end of the window." />
    </histories>
    <option name="languageScores">
      <map>
        <entry key="CHINESE" value="2" />
        <entry key="ENGLISH" value="2" />
      </map>
    </option>
  </component>
</application>