<keymap version="1" name="Windows copy" parent="$default">
  <action id="ActivateTerminalToolWindow">
    <keyboard-shortcut first-keystroke="ctrl alt q" />
  </action>
  <action id="Console.TableResult.SetNull" />
  <action id="FileChooser.NewFile">
    <keyboard-shortcut first-keystroke="ctrl alt f" />
  </action>
  <action id="Inline" />
  <action id="NewClass">
    <keyboard-shortcut first-keystroke="ctrl alt c" />
  </action>
  <action id="NewDir">
    <keyboard-shortcut first-keystroke="ctrl alt d" />
  </action>
  <action id="NewFile">
    <keyboard-shortcut first-keystroke="ctrl alt f" />
  </action>
  <action id="Scala.ShowImplicits">
    <keyboard-shortcut first-keystroke="shift ctrl alt equals" />
    <keyboard-shortcut first-keystroke="shift ctrl alt add" />
  </action>
  <action id="ToggleRenderedDocPresentation" />
  <action id="VimPluginToggle">
    <keyboard-shortcut first-keystroke="ctrl semicolon" />
  </action>
</keymap>