<application>
  <component name="GeneralSettings">
    <option name="showTipsOnStartup" value="false" />
  </component>
  <component name="Registry">
    <entry key="ide.experimental.ui" value="true" />
    <entry key="debugger.new.tool.window.layout" value="true" />
    <entry key="ide.experimental.ui.inter.font" value="true" />
    <entry key="ide.experimental.ui.navbar.scroll" value="true" />
    <entry key="ide.balloon.shadow.size" value="0" />
    <entry key="scala.erase.compiler.process.jdk.once" value="false" />
    <entry key="ide.editor.tab.selection.animation" value="true" />
    <entry key="ide.new.editor.tabs.vertical.borders" value="true" />
    <entry key="editor.focus.mode.color.light" value="777777" />
    <entry key="editor.focus.mode.color.dark" value="777777" />
  </component>
  <component name="StatusBar">
    <option name="widgets">
      <map>
        <entry key="FlowJSInfo" value="false" />
        <entry key="PowerSaveMode" value="true" />
      </map>
    </option>
  </component>
</application>