<application>
  <component name="MaterialThemeConfig">
    <option name="isWizardShown" value="true" />
    <option name="pristineConfig" value="false" />
    <option name="treeFontSizeEnabled" value="true" />
    <option name="tabFontSizeEnabled" value="true" />
    <option name="indicatorStyle" value="None" />
    <option name="accentColor" value="5b91ff" />
    <option name="selectedTheme" value="NATIVE" />
    <option name="userId" value="-277e99e1:18764305f3e:-8000" />
    <option name="version" value="7.14.2" />
    <option name="tabHighlightPosition" value="Bottom" />
  </component>
</application>